Handle,Title,Pricing Status
36-stage-upgraded-shower-filter-with-vitamin-c-veoryfly,VeoryFly Upgraded 36 Stage Shower Filter Vitamin C Activated Carbon,Verified Real Discount
2026-new-hot-x8-pro-original-global-version-hq-intelligent-wifi-gps-6800mah-battery-dual-card-dual-standby-126597792093-ikv2u,X8 Pro Global Version 16GB 1TB 6800mAh Battery Dual SIM Android 14 Unlock,Verified Real Discount
purple16gb-1tb-2026-hot-f8-ultra-original-global-version-hq-intelligent-snapdragon-8-gen3-7800mah-battery-dual-card-dual-standby-126597792093-ul37f,Purple Hot F8 Ultra Smartphone 16GB 1TB Snapdragon 8 Gen3 7800mAh Battery,Verified Real Discount
womens-shoes-womens-sports-shoes-fleece-and-thickened-boots-lightweight-soft-soled-womens-snow-boots-126597792093-vnnwe,Women's Sports Lightweight Fleece Lined Slip On Winter Boots,Verified Real Discount
womens-shoes-womens-sports-shoes-fleece-and-thickened-boots-lightweight-soft-soled-womens-snow-boots-126597792093-yitxh,Womens Lightweight Fleece Lined Soft Sole Snow Boots,Verified Real Discount
waterproof-eva-furry-mules-slippers-women-2025-winter-metal-buckle-warm-plush-slippers-soft-thick-bottom-non-slip-indoor-slides-126597792093-jdje7,Women Winter Furry Mules Slippers Plush Metal Buckle Non Slip Waterproof Eva,Verified Real Discount
new-casual-orthopedics-wide-feet-swollen-shoes-thumb-eversion-adjusting-soft-comfortable-diabetic-shoe-walking-shoes-126597792093-mkl0g,Black Orthopedic Wide Fit Diabetic Shoes For Swollen Feet Laceless Walk,Verified Real Discount
women-sneakers-shoes-fashion-womenvulcanizedshoes-highquality-flatsshoes-womenwalking-blatform-plus-size-zapatillas-mujer-126597792093-7faor,Women Lightweight Flatform Sneakers Mesh Upper Casual Walking Shoes,Verified Real Discount
women-slippers-2024-women-summer-new-round-head-slippers-water-diamond-flat-home-anti-skid-sandals-slides-women-zapatos-de-mujer-126597792093-lpa4u,Women Water Diamond Rhinestone Mesh Flat Slides Summer Home Anti Skid Sandals,Verified Real Discount
winter-womens-slippers-boots-fashion-fuzzy-fur-anti-slip-soft-sole-outdoor-indoor-warm-comfort-men-plush-houseshoes-couple-126597792093-jqht2,Winter Plush Slippers For Women Men Antislip Thick Sole Indoor House Shoes,Verified Real Discount
waterproof-cotton-slippers-for-women-men-winter-outdoor-indoor-home-plush-warm-thick-sole-anti-slip-cotton-shoes-for-couple-126597792093-9flzd,Women Men Waterproof Bear Pattern Plush Slippers Winter Warm Home Shoes,Verified Real Discount
sexy-pointed-toe-patent-leather-high-heels-temperament-girl-red-sole-party-dress-stiletto-pumps-classic-black-work-single-shoes-126597792093-m8puo,Classic Black Patent Leather Pointed Toe Stiletto Pumps Red Sole,Verified Real Discount
summer-breathable-non-slip-soft-sole-elderly-shoe-womens-casual-shoes-middle-aged-and-elderly-walking-flat-shoes-fo-women-126597792093-fhfrv,Women Breathable Knit Slip On Casual Flat Walking Shoes Non Slip Soft Sole,Verified Real Discount
snow-women-boots-fashion-unisex-shoes-slip-on-platform-shoes-for-women-ankle-boots-waterproof-plush-winter-shoes-botas-mujer-126597792093-tuvsh,Waterproof Winter Boots For Women Men Plush Lining Ankle Boots,Verified Real Discount
women-shoes-breathable-vulcanized-shoes-white-zapawomen-sneakers-fashion-breathable-mesh-casual-walking-shoes-women-work-shoes-126597792093-vafaa,Women Breathable Mesh Sneakers Slip On Velcro Casual Walking Shoes,Verified Real Discount
waterproof-cotton-slippers-for-women-men-winter-outdoor-indoor-non-slip-home-plush-shoes-thick-bottom-cute-bear-shoes-couple-126597792093-kb490,Waterproof Cotton Slippers Men Women Winter Indoor Non Slip Bear Thick Bottom,Verified Real Discount
women-vulcanized-shoes-high-quality-women-sneakers-slip-on-flats-shoes-women-loafers-plus-size-42-walking-flat-126597792093-x1hna,Women Vulcanized Knit Sneakers Breathable Mesh Flats With White Rubber Sole,Verified Real Discount
womens-shoes-summer-2026-casual-sneaker-new-style-two-color-single-shoes-versatile-casual-and-fashionable-work-shoes-126597792093-2k72i,Women Casual Mesh Sneakers Beige Grey Pink Lightweight Summer Comfortable Shoes,Verified Real Discount
women-shoes-convenient-and-comfortable-at-home-one-foot-with-a-vent-and-half-slipper-womens-summer-shoes-126597792093-qsdku,Women Breathable Mesh Half Slipper Slip On Open Heel Summer Shoes,Verified Real Discount
women-sandals-new-summer-wedges-heels-platform-sandals-women-hollow-out-gladiator-sandals-breathable-thick-sole-shoes-for-women-126597792093-xwij6,Women Summer Platform Wedge Sandals Metallic Hollow Out Gladiator Shoes,Verified Real Discount
spring-new-womens-sports-shoes-fashionable-breathable-lightweight-non-slip-wear-resistant-casual-sports-shoes-flat-shoes-126597792093-zqepx,Women Casual Breathable Knit Sneakers Slip On Lightweight Flat Shoes,Verified Real Discount
womens-sports-shoes-mesh-lightweight-soft-sole-jogging-strap-breathable-fashion-sports-walking-casual-tennis-flat-shoes-for-men-126597792093-igd2q,Women Breathable Knit Mesh Sneakers Lightweight Walking Jogging Flat Shoes,Verified Real Discount
womens-luxury-beaded-mary-jane-leather-shoes-springautumn-fashion-comfortable-elegant-flat-black-walking-shoes-zapatos-mujer-126597792093-m70ar,Women Black Patent Leather Mary Jane Shoes Pearl Bead Buckle Walking Flat,Verified Real Discount
women-sneakers-shoes-fashion-womenvulcanizedshoes-highquality-flatsshoes-womenwalking-blatform-plus-size-zapatillas-mujer-126597792093-smxu3,Women Grey Pink Platform Sneakers Breathable Mesh Casual Walking Shoes,Verified Real Discount
womens-sports-shoes-2026-breathable-single-mesh-shoes-womens-casual-and-versatile-sports-shoes-126597792093-g8yxp,Women's Breathable Mesh Sneakers Casual Sports Walking Shoes,Verified Real Discount
women-casual-shoes-fashion-breathable-walking-mesh-flat-shoes-sneakers-women-2021-gym-vulcanized-shoes-white-female-footwear-126597792093-elaan,Women White Breathable Mesh Casual Walking Sneakers Flat Shoes,Verified Real Discount
womens-casual-sports-shoes-solid-color-breathable-sports-soft-soled-lightweight-walking-shoes-low-top-knitted-casual-shoes-126597792093-52i4c,Ladies Lightweight Breathable Knitted Soft Sole Casual Walking Shoes,Verified Real Discount
womens-shoes-2026-summer-casual-convenient-and-comfortable-fashionable-single-color-casual-work-shoes-126597792093-qbev0,Women Breathable Mesh Slip On Summer Casual Walking Shoes Comfortable Sneakers,Verified Real Discount
womens-shoes-womens-sports-shoes-summer-flying-woven-mesh-soft-sole-breathable-sports-shoes-126597792093-osrtr,Women Lightweight Flying Woven Mesh Breathable Casual Walking Sneakers,Verified Real Discount
new-fur-slippers-for-women-men-winter-furry-fashion-warm-ankles-plush-cozy-slides-for-home-indoor-soft-sole-cotton-shoes-126597792093-dlqo2,Unisex Winter Corduroy Plush Slippers Warm Faux Fur Indoor Cozy House Shoes,Verified Real Discount
womens-shoes-womens-sports-shoes-fleece-and-thickened-boots-lightweight-soft-soled-womens-snow-boots-126597792093-kjkg9,Womens Lightweight Slip On Fleece Lined Winter Soft Sole Boots,Verified Real Discount
womens-imitation-comfortable-tummy-control-fitness-gym-yoga-pants-daily-wear-tummy-control-hip-lifting-skinny-yoga-pants-126597792093-iatzq,Women's Imitation Denim Leggings High Waist Tummy Control Skinny Yoga Pants,Verified Real Discount
elegant-solid-basic-knitted-tops-women-turtlneck-sweater-long-sleeve-casual-slim-pullover-korean-fashion-simple-chic-clothes-126597792093-rj6bc,Women Solid Ribbed Turtleneck Pullover Long Sleeve Korean Sweater,Verified Real Discount
turtleneck-top-y2k-clothes-black-gothic-cross-hollow-slimming-bottom-t-shirt-for-women-long-sleeve-sexy-t-shirt-girls-tops-126597792093-mzfzr,Black Y2K Gothic Cross Hollow Turtleneck Long Sleeve T Shirt Women,Verified Real Discount
mooyufon-long-sleeves-see-through-lace-crop-top-solid-sexy-bodycon-t-shirt-for-women-party-club-autumn-winter-clothes-126597792093-cfx06,Women Black See Through Lace Long Sleeve Crop Top Floral Bodycon Shirt,Verified Real Discount
summer-and-autumn-versatile-trendy-womens-short-dresses-suitable-for-daily-leisure-and-commuting-126597792093-ko1x5,Women Grey Bodycon Mini Dress Summer Autumn Casual Short Sleeve Trendy,Verified Real Discount
short-sleeved-spa-uniform-women-hospital-nursing-uniform-multicolor-stretch-fabric-pet-clinic-vet-work-clothes-nurse-accessories-126597792093-g2dbq,Women Short Sleeve V Neck Scrubs Set Jogger Pants Stretch Surgical Uniform,Verified Real Discount
womens-high-waisted-black-yoga-flared-pants-sexy-leggings-comfortable-stretchy-casual-trousers-for-fitness-and-exercise-126597792093-rkzoo,Women High Waisted Black Flared Leggings Stretchy Casual Workout Pants,Verified Real Discount
fashion-irregular-tassel-chain-brooch-women-new-design-multi-functional-pants-chain-charm-clothes-pin-accessory-jewelry-126597792093-lplws,Women Irregular Tassel Chain Brooch Multi Functional Pants Charm Jewelry,Verified Real Discount
womens-high-waisted-flared-yoga-pants-with-pockets-tummy-control-bootcut-leggings-for-gym-fitness-casual-wear-126597792093-snrit,Women High Waisted Flared Yoga Pants with Pockets Tummy Control Bootcut Leggings,Verified Real Discount
girl-3-pcs-set-cosplay-costume-fashion-clothes-stage-performance-role-play-dress-up-uniform-children-show-party-costumes-126597792093-arss9,Girls 3 Piece Space Print Top Skirt Set Cosplay Stage Performance Costume,Verified Real Discount
cotton-linen-kids-clothes-girls-outfit-summer-boy-clothing-sets-solid-color-short-sleeve-tops-shorts-children-clothing-2-7-years-126597792093-wcona,Cotton Linen Kids Summer Outfit Set Short Sleeve Top With Shorts Age 2 To 7,Verified Real Discount
girls-costume-children-cosplay-princess-dress-kids-halloween-birthday-pageant-party-rapunzel-dress-girl-carnival-tangled-clothes-126597792093-qmnbd,Girls Rapunzel Princess Cosplay Dress Costume Set Birthday Halloween Party,Verified Real Discount
summer-baby-boy-casual-clothes-cartoon-dinosaur-t-shirt-short-pants-2pcsset-sport-kids-lapel-suits-children-fashion-0-5-years-126597792093-xjjlf,Summer Toddler Boy Cartoon Dinosaur Lapel Polo Shirt Shorts 2 Piece Set Black,Verified Real Discount
kids-girls-cosplay-snow-queen-elsa-anna-princess-dress-girl-mesh-ball-gown-carnival-birthday-clothes-snow-queen-elsa-costume-126597792093-fzvob,Kids Frozen Elsa Anna Birthday Dress Cosplay Ball Gown Costume,Verified Real Discount
summer-quick-drying-clothes-3d-printed-mens-t-shirt-oversized-loose-round-neck-short-sleeved-shirt-126597792093-pvpoo,Summer Men's 3D Printed Quick Drying Oversized Short Sleeve Tshirt,Verified Real Discount
dress-for-girls-kpop-cartoon-graphic-funny-gift-for-fan-harajuku-girl-clothes-summer-tops-short-sleeve-dress-childrens-clothing-126597792093-ajmla,Girls Kpop Cartoon Graphic Dress Short Sleeve Harajuku Summer Kids Clothing,Verified Real Discount
1pc-5-slot-watch-case-hard-shell-travel-organizer-with-pillow-insert-gift-ready-blacksuitable-for-smart-watch-storage-126597792093-7twre,Black 5 Slot Hard Shell Watch Case Travel Organizer With Pillow Insert,Verified Real Discount
smart-watch-for-women-men-wristwatch-bluetooth-connected-phone-player-music-fitness-sport-bracelet-sleep-monitor-digital-watches-126597792093-liwdg,Bluetooth Smart Watch For Men Women Fitness Tracker Heart Rate Sleep Monitor,Verified Real Discount
laxasfit-new-mens-smart-watch-led-flashlight-outdoor-sports-smart-watch-wristwatch-health-monitoring-smart-watch-126597792093-46ccs,LAXASFIT Men Smart Watch LED Flashlight Outdoor Sports Health Wristwatch,Verified Real Discount
ocean-strap-for-apple-watch-ultra-2-band-49mm-10-9-8-7-45mm-41mm-silicone-bracelet-wristband-iwatch-6-5-4-3-se-44mm-40-42mm-band-126597792093-mczag,Ocean Silicone Band For Apple Watch Ultra 2 49mm Silicone Wristband,Verified Real Discount
laxasfit-2025-new-smart-watch-for-men-women-gift-full-touch-screen-sports-fitness-watch-bluetooth-call-digital-smartwatch-126597792093-vx9rf,Laxasfit Smart Watch For Men Women Bluetooth Call Full Screen Fitness Tracker,Verified Real Discount
2026-new-military-smart-watch-men-ip67-3atm-outdoor-sports-fitness-tracker-health-monitor-144inch-bt-call-smartwatch-126597792093-8aiex,Men Military Smart Watch Outdoor IP67 Touchscreen Fitness Tracker BT Call,Verified Real Discount
20mm-22mm-watch-band-for-samsung-galaxy-watch-65pro46-classicactive-2-silicone-sport-bracelet-huawei-gt-4-3-pro-2-2e-strap-126597792093-6xdp1,20mm 22mm Silicone Sport Watch Band for Samsung Huawei Smartwatch Strap,Verified Real Discount
silicone-band-for-apple-watch-strap-44mm-45mm-40mm-41mm-42-38mm-45-mm-sport-bracelet-iwatch-series-8-7-6-5-4-3-se-9-ultra-2-49mm-126597792093-bh2ht,Premium Silicone Sport Band For Apple Watch 44mm 45mm Series 8 Ultra,Verified Real Discount
fashion-women-slippers-cotton-plush-warm-female-light-eva-flat-bottom-non-slip-comfortable-slides-winter-autumn-house-shoes-126597792093-ldko4,Women Leopard Print Plush Slippers Winter Warm Faux Fur EVA House Shoes,Verified Real Discount
womens-home-slippers-cute-cartoon-eva-indoor-home-bathroom-sandals-soft-sole-non-slip-summer-outdoor-beach-couple-shoes-126597792093-d63jw,Women Cute Cartoon Bear EVA Sandals Non Slip Soft Indoor Outdoor Beach Slides,Verified Real Discount
womens-home-slippers-cute-cartoon-eva-indoor-home-bathroom-sandals-soft-sole-non-slip-summer-outdoor-beach-couple-shoes-126597792093-lvuvg,Women Cartoon Bear EVA Slide Sandals Soft Sole Non Slip Home Slippers,Verified Real Discount
unisex-bathroom-slippers-cloud-cushion-slides-summer-flat-sandals-thick-platform-shoes-man-indoor-non-slip-couple-flip-flops-126597792093-wz1fk,Unisex Cloud Cushion Thick Platform Indoor Bathroom Slippers,Verified Real Discount
womens-sports-shoes-mesh-lightweight-soft-sole-jogging-strap-breathable-fashion-sports-walking-casual-tennis-flat-shoes-for-men-126597792093-kwvpp,Unisex Lightweight Mesh Sneakers Breathable Strap Casual Walking Sports Shoes,Verified Real Discount
new-casual-orthopedics-wide-feet-swollen-shoes-thumb-eversion-adjusting-soft-comfortable-diabetic-shoe-walking-shoes-126597792093-b9mok,Women Orthopedic Wide Width Diabetic Walking Shoes Bunion Relief Mesh Slip On,Verified Real Discount
womens-shoes-summer-2026-casual-sneaker-new-style-two-color-single-shoes-versatile-casual-and-fashionable-work-shoes-126597792093-lkpaq,Women's 2026 Summer Mesh Sneakers Beige Grey Pink Comfortable Walking Shoes,Verified Real Discount
winter-warm-fluffy-clogs-slippers-women-eva-waterproof-non-slip-home-slides-woman-lightweight-soft-sole-fuzzy-cotton-slippers-126597792093-vfm4e,Women Winter Faux Fur Eva Clog Slippers Waterproof Non Slip Warm Home Shoes,Verified Real Discount
women-sneakers-shoes-fashion-womenvulcanizedshoes-highquality-flatsshoes-womenwalking-blatform-plus-size-zapatillas-mujer-126597792093-tyall,Women Platform Walking Sneakers Breathable Mesh Blatform Shoes Grey Pink,Verified Real Discount
womens-summer-shoes-casual-sneaker-non-slip-sole-design-fly-woven-upper-is-more-skin-friendly-sale-shoes-with-free-shipping-126597792093-lpbi5,Women's FlyWoven Casual Sneakers With NonSlip Sole Breathable Knit Shoes,Verified Real Discount
snow-women-boots-fashion-unisex-shoes-slip-on-platform-shoes-for-women-ankle-boots-waterproof-plush-winter-shoes-botas-mujer-126597792093-64fts,Waterproof Winter Ankle Boots Slip On Plush Fleece Snow Shoes Unisex,Verified Real Discount
men-slippers-summer-eva-soft-soled-platform-slides-sandals-indoor-outdoor-walking-beach-shoes-flip-flops-mens-home-shoes-126597792093-ixoa0,Men EVA Platform Slides Sandals Soft Sole Summer Casual Walking Beach Shoes,Verified Real Discount
home-linen-slippers-for-men-in-springautumn-comfortable-bedroom-open-toedbreathable-slippers-mens-womens-shoes-summer-126597792093-6erim,Unisex Breathable Linen Open Toe Slippers For Home Comfort,Verified Real Discount
home-linen-slippers-for-men-in-springautumn-comfortable-bedroom-open-toedbreathable-slippers-mens-womens-shoes-summer-126597792093-qjwps,Men Women Breathable Linen Open Toe Slippers Comfortable Home Shoes,Verified Real Discount
arch-support-anti-slip-soft-sole-wear-resistant-cool-slippers-for-wearing-thick-sole-breathable-odor-proof-summer-hole-shoes-126597792093-bcq6s,Arch Support Slide Sandals Breathable Clogs Thick Sole Footwear,Verified Real Discount
new-four-season-versatile-non-slip-shock-absorbing-technology-carbon-plate-sports-casual-shoes-running-shoes-fitness-shoes-unise-126597792093-wmld2,Carbon Plate Running Shoes Unisex Shock Absorbing Sports Casual Sneakers,Verified Real Discount
mens-large-size-outdoor-hiking-and-running-shoes-comfortable-casual-versatile-fashionable-sports-shoes-for-couples-training-126597792093-hiup3,Mens Large Size Black Knit Running Shoes Comfortable Casual Sports Sneakers,Verified Real Discount
men-sports-running-black-jogging-shoes-casual-sneakers-brown-outdoor-breathable-mesh-women-light-shock-absorption-black-tennis-126597792093-2h6y6,Ealsqn Men Lightweight Breathable Mesh Running Sneakers Black Casual,Verified Real Discount
hobibear-unisex-hiking-sneakers-lace-up-walking-shoes-outdoor-travel-artificial-leather-sneakers-126597792093-15buu,Hobibear Unisex Hiking Sneakers Lace Up Walking Shoes Outdoor Travel,Verified Real Discount
warm-plush-waterproof-eva-indoor-slippers-for-women-winter-soft-thick-bottom-non-slip-home-slippers-couples-furry-slides-126597792093-anahg,Women Winter Waterproof EVA Plush Furry Indoor Slippers Thick Non Slip Home,Verified Real Discount
steel-toe-cap-shoes-for-men-protective-shoes-work-boots-puncture-proof-safety-shoes-men-work-shoes-sneakers-construction-shoes-126597792093-mhnd0,Men Steel Toe Safety Sneakers Breathable Puncture Proof Shoes,Verified Real Discount
2025-large-size-spring-and-autumn-new-breathable-lightweight-casual-mens-shoes-niche-trend-versatile-flat-sports-mens-shoes-126597792093-fquzi,Men White Extended Fit Breathable Knit Casual Lightweight Sneakers,Verified Real Discount
man-safety-shoes-puncture-proof-work-sneakers-lightweight-work-shoes-men-steel-toe-shoes-safety-boots-indestructible-shoes-126597792093-5dhzf,Tulldent Men Steel Toe Safety Shoes Lightweight Puncture Proof Work Sneakers,Verified Real Discount
new-unisex-safety-shoes-men-work-sneakers-indestructible-safety-boots-women-shoes-men-steel-toe-shoes-sport-style-126597792093-ors6u,Unisex Steel Toe Safety Sneakers Lightweight Breathable Mesh Work Shoes,Verified Real Discount
autumn-new-mens-versatile-high-top-trendy-thick-soled-running-shoes-casual-fashion-sneakers-suitable-for-outdoor-sports-126597792093-qynk4,Gaisima Men White Brown Trendy Thick Sole Casual Running Sneakers,Verified Real Discount
a-pair-of-mens-new-summer-casual-shoes-fashionable-and-trendy-sports-wear-resistant-sandals-cool-beach-shoes-126597792093-gujn4,Men Summer Casual Tactical Sandals Breathable Sports Beach Shoes,Verified Real Discount
1pc-light-up-keyboard-keychain-stress-relief-clickable-led-button-toy-for-people-with-anxiety-office-desk-accessory-126597792093-3da3j,4 Keys Light Up LED Keyboard Keychain Stress Relief Clickable Toy For Anxiety,Verified Real Discount
mimikyu-plush-toys-collectible-soft-plushies-cos-mimikyu-stuffed-animal-cute-cartoon-eevee-espeon-glaceon-peluche-dolls-gifts-126597792093-emnod,Mimikyu Plush Toy Soft Stuffed Animal Collectible Cute Pokemon Gift Doll,Verified Real Discount
m1911-water-guns-pistol-toy-squirt-guns-summer-pool-beach-shooting-games-outdoor-toys-water-blaster-pistol-for-kids-adult-126597792093-ljkty,M1911 Water Pistol Toy Squirt Gun Summer Pool Beach Outdoor For Kids Adults,Verified Real Discount
electric-water-guns-for-adults-powerful-squirt-automatic-water-suction-water-blasters-summer-outdoor-beach-toy-for-boys-kid-gift-126597792093-kl2if,Shark MK Electric Water Blaster Automatic Squirt Gun Transparent Blue,Verified Real Discount
fully-automatic-bubble-gun-rocket-bubbles-machine-automatic-blower-with-bubble-liquid-toy-for-kids-beach-outdoor-bubble-gifts-126597792093-9zpjj,Automatic Rocket Bubble Gun Blaster With LED Lights Kids Gift,Verified Real Discount
32-page-childrens-maze-game-book-for-student-concentration-training-intelligence-development-early-education-toys-and-children-126597792093-z5vda,32 Page Children Maze Game Book for Concentration and Intelligence,Verified Real Discount
65851012-inch-lcd-drawing-tablet-for-kids-rechargeable-erasable-board-with-pen-travel-educational-toy-gift-for-boys-girls-126597792093-lo3em,Kids LCD Drawing Tablet Rechargeable Erasable Writing Board With Pen Gift,Verified Real Discount
childrens-hidden-objects-coloring-book-with-100-find-color-pages-interactive-find-color-activity-workbook-for-school-home-travel-educational-puzzle-book-126597792093-mklwk,Children Hidden Objects Coloring Book 100 Pages Activity Workbook,Verified Real Discount
electric-automatic-water-storage-gun-toys-portable-children-summer-beach-outdoor-fight-fantasy-spray-gun-toys-boy-kid-adult-game-126597792093-ddt02,Electric Automatic Water Gun Rechargeable Blaster Summer Outdoor Beach Toy,Verified Real Discount
needoh-soft-gummy-bear-fidget-squeeze-toy-tpr-sensory-stress-relief-toy-kids-birthday-party-gift-126597792093-wtkvm,Schylling NEE DOH Gummy Bear Fidget Squeeze Toy TPR Sensory Stress Relief,Verified Real Discount
magnetic-sorting-games-montessori-puzzle-toys-maze-board-learning-color-montessori-classification-wooden-educational-toys-126597792093-dlvdg,Wooden Magnetic Maze Board Color Sorting Montessori Educational Puzzle Toy,Verified Real Discount
8111316-inch-lcd-drawing-tablet-writing-board-kids-doodle-painting-handwriting-pad-toy-for-3-4-5-6-7-8-years-girls-boys-gifts-126597792093-87sw6,Kids LCD Drawing Tablet Writing Board Doodle Painting Toy Gift UK,Verified Real Discount
in-stock-10cm-mini-one-piece-luffy-gear-5-action-figure-sun-god-nika-statue-anime-figurine-pvc-model-doll-collection-toy-gift-126597792093-wuyob,One Piece Luffy Gear 5 Sun God Nika 10cm PVC Action Figure Statue Toy,Verified Real Discount
kid-brain-response-battle-fold-cup-hand-speed-competition-fold-cup-baby-stack-game-early-education-puzzle-train-board-games-toy-126597792093-sywd2,Funny Cups Stacking Rings Numbered Lettered Early Learning Educational Toy,Verified Real Discount
water-gun-water-god-tool-beach-small-water-spray-pulling-water-gun-children-drifting-play-gift-toy-126597792093-a7vpl,Firework Water Gun Pump Action Long Range Spray Kids Outdoor Beach Toy,Verified Real Discount
13pcs-baby-remote-control-teether-silicone-baby-anti-eating-gloves-pacifier-bracelet-teething-stick-biting-toys-126597792093-gsnj2,Baby Remote Control Silicone Teether Toy Biting Stick For Soothing Gums,Verified Real Discount
colorful-wooden-puzzle-toys-tangram-montessori-materials-childrens-puzzle-toys-building-blocks-childrens-learning-toys-126597792093-zre1g,Colorful Wooden Tangram Block Puzzle Montessori Learning Toy For Children,Verified Real Discount
collapsible-pop-up-mesh-laundry-basket-portable-clothes-hamper-for-easy-washing-and-storage-of-dirty-clothes-socks-toys-sundries-126597792093-dc40j,Collapsible Pop Up Mesh Laundry Basket Portable Clothes Hamper,Verified Real Discount
56pcs28pcs14pcs-cat-toys-mixed-pack-a-combination-of-various-plastic-toys-and-plush-toys-suitable-for-multiple-cats-to-play-126597792093-t91ys,Cat Toy Mixed Pack 56 28 14 Pieces Plush Plastic Variety For UK Cats,Verified Real Discount
baby-montessori-toymagic-tissue-boxeducational-learning-activity-sensory-toy-for-kids-finger-exercising-busy-board-baby-game-126597792093-lr7jq,Baby Montessori Animal Magic Tissue Box Toy Sensory Learning Activity,Verified Real Discount
magic-fairy-wand-water-gun-sparkling-summer-water-play-toy-for-kids-adults-birthday-gift-water-battle-cannon-126597792093-d1rof,Princess Fairy Wand Water Gun Pull Out Spray Summer Water Play Toy For Kids,Verified Real Discount
20cm-pokemon-plush-pikachu-dolls-kawaii-anime-pokemon-pichu-short-stuffed-toys-cute-cartoon-tomy-pokmon-children-birthday-gift-126597792093-8nobv,20cm Pokemon Plush Pikachu Doll Kawaii Anime Stuffed Animal Gift,Verified Real Discount
foldable-mesh-toy-storage-basket-large-breathable-mesh-laundry-hamper-with-handles-vertical-horizontal-dual-styles-kids-toy-126597792093-4dftk,Foldable Mesh Toy Storage Basket and Breathable Laundry Hamper for Kids,Verified Real Discount
30ml-poop-spray-creative-liquid-fart-gag-prank-joke-spray-funny-toy-non-toxic-stink-bombs-extra-strong-smelly-stinky-gas-spray-126597792093-q3tvy,Jue Fish 3 Pack Fart Spray Toxic Bomb Smell From Hell Prank Toy,Verified Real Discount
5-50pcs-halloween-gadget-plastic-cockroaches-joke-decoration-props-rubber-toy-gags-practical-jokes-toys-plastic-bugs-cockroach-126597792093-sg5sm,50 Pcs Realistic Plastic Cockroach Prank Toys Halloween Props,Verified Real Discount
cat-tunnel-tube-foldable-cat-toys-kitty-training-interactive-fun-toy-tunnel-bored-for-puppy-kitten-pet-supplies-cat-accessories-126597792093-k2rxx,Foldable Rainbow Cat Tunnel Interactive Collapsible Play Toy for Kittens,Verified Real Discount
transformable-robot-sports-car-toys-no-batteries-educational-kids-gift-colorful-model-vehicle-for-play-learning-126597792093-rracr,Manual Transformable Robot Sports Car Toy NILABO F12 Model Educational Gift,Verified Real Discount
inflatable-pool-floats-adult-size-water-hammockfloats-for-swimming-pool-multi-purpose-pool-floating-toys-126597792093-sqwg2,Adult Size Inflatable Water Hammock Floating Pool Lounge Chair,Verified Real Discount
frog-lizard-mask-wagging-tongue-lick-cards-board-games-for-children-family-party-toys-antistress-funny-desktop-puzzle-game-toys-126597792093-gkkh1,Funny Frog Mask Lick Card Party Game For Family Kids Adults Toy,Verified Real Discount
1pc-waist-trainer-slimming-body-shaper-fitness-belt-weight-loss-fat-burning-sport-girdle-sweat-trimmer-workout-cincher-shapewear-126597792093-jeaqj,Women Sauna Waist Trainer Fat Burn Body Shaper Slimming Shapewear,Verified Real Discount
1pc-4-level-resistance-bands-with-handles-for-home-workouts-and-strength-training-perfect-for-yoga-pilatesand-fitness-equipm-126597792093-b0s9p,4 Level Resistance Bands With Handles For Home Strength Training,Verified Real Discount
c-four-tube-pedal-tensioner-multi-functional-household-fitness-equipment-yoga-abdominal-strengthening-elastic-band-tension-rope-126597792093-vseik,Four Tube Pedal Tensioner Abdominal Exercise Elastic Band Fitness,Verified Real Discount
8-shaped-stretcher-for-home-fitness-back-shapingelastic-band-with-open-shoulder-and-back-stretching-band-for-shoulder-exercise-126597792093-na43t,8 Shape Shoulder Back Stretching Band Elastic Resistance Exercise Training,Verified Real Discount
push-up-board-set-portable-multifunctional-push-up-bar-foldable-fitness-equipment-for-chest-abdomen-armsback-training-126597792093-yqrs6,Ringpeng Foldable Push Up Board Set Multifunctional Fitness Chest Arms,Verified Real Discount
non-slip-push-up-h-shaped-support-bar-stand-home-fitness-power-rack-gym-handles-pushup-bars-exercise-arm-chest-muscle-training-126597792093-8kfdi,Non Slip Push Up Bars H Shaped Chest Shoulder Arm Home Fitness Gym Handles,Verified Real Discount
epp-8cm-peanut-balls-body-massage-fascia-ball-high-density-muscle-relaxation-lacrosse-fitness-yoga-myofascia-ball-relieve-pain-126597792093-a80g2,Epp Peanut 8cm Massage Ball High Density Myofascial Muscle Relaxation Fitness,Verified Real Discount
smart-muscle-toner-abdominal-toning-belt-abs-trainer-usb-recharge-body-massager-home-gym-training-fitness-equipment-126597792093-7c1ee,Smart Abdominal Toning Belt USB Rechargeable EMS Muscle Stimulator Abs Trainer,Verified Real Discount
high-waist-yoga-leggings-women-seamless-push-up-sport-leggings-fitness-running-hip-lift-yoga-pants-highly-elastic-gym-leggings-126597792093-o90kx,Purple High Waist Seamless Push Up Yoga Leggings Women Fitness Sport Pants,Verified Real Discount
30-level-massage-gun-fascia-deep-muscle-relax-body-neck-massager-electric-fitness-equipment-noise-reduction-male-female-126597792093-pldtd,30 Level Deep Tissue Fascia Massage Gun Noise Reduction Muscle Relaxer Kit,Verified Real Discount
adjustable-weighted-waist-belt-for-home-workouts-dumbbell-training-hip-shaping-home-gym-fitness-equipment-126597792093-lia01,Adjustable Weighted Waist Belt For Dumbbell Hip Shaping Home Gym Fitness,Verified Real Discount
pilates-ring-pilates-magic-fitness-circle-for-toning-thighs-abs-and-legs-resistance-training-body-sport-fitness-yoga-126597792093-zfuuj,Pilates Ring Magic Circle For Thighs Glutes Resistance Training Yoga,Verified Real Discount
1pair-thickened-protection-sports-kneepad-gym-support-fitness-gear-gear-basketball-brace-protector-malefemale-non-slip-pads-126597792093-i6rxm,Pair Thickened Impact Absorbing Knee Pads Gym Fitness Basketball Protection,Verified Real Discount
25cm-yoga-ball-pilates-exercise-balance-ball-gym-home-yoga-core-training-anti-pressure-explosion-proof-fitness-muscle-relaxation-126597792093-3dlj1,25cm Mini Yoga Ball Pilates Exercise Core Training Balance Ball Gym Fitness,Verified Real Discount
electric-foot-massager-pad-muscle-massage-relaxation-trainer-for-massage-fitness-outdoor-sport-home-family-relax-126597792093-bz388,Electric EMS Foot Massager Pad With Remote Control Leg Fatigue Relief,Verified Real Discount
smartwatch-men-women-wristwatches-smart-watch-message-fitness-monitor-bracelet-birthday-gift-electronic-clock-for-android-ios-126597792093-o3xsh,Smart Watch Fitness Tracker Heart Rate Message Bracelet For Men Women Ios,Verified Real Discount
led-strip-lights-with-44-key-remote-control-1m-5m-10m-20m-rgb-tape-led-wall-room-for-home-bedroom-party-decor-tv-backlight-126597792093-pkskl,RGB LED Strip Lights 65FT With 44 Key Remote USB Room Decor TV Backlight,Verified Real Discount
rgb-led-strip-lights-5m-10m-20m-30m-led-room-light-with-app-control-flexible-ribbon-luces-led-tape-for-room-bedroom-decoration-126597792093-qycev,RGB LED Strip Lights 5M To 30M Flexible Ribbon Tape With App Control,Verified Real Discount
for-jbl-live-beam-3-lcd-high-definition-soft-film-explosion-proof-and-scratch-resistant-screen-protection-film-126597792093-uhfv9,JBL Live Beam 3 LCD Screen Protector Film Scratch Resistant Transparent Film,Verified Real Discount
35mm-headset-music-earbuds-in-ear-with-mic-original-qkz-ak6-copper-driver-hifi-wired-earphone-race-sport-headphone-bass-stereo-126597792093-ykrcn,QKZ AK6 Copper Driver Hifi Wired In Ear Sports Earphone Headphone Bass,Verified Real Discount
new-arrival-m10-earphone-wireless-headset-high-quality-perfect-sound-earbuds-sports-game-music-bt-headphone-with-power-bank-126597792093-iuulp,M10 Wireless Earbuds HiFi Bass Power Bank Digital Display Bluetooth Headset,Verified Real Discount
handsfree-wireless-headphones-noise-canceling-headphone-earphone-p47-headset-bluetooth-head-phone-for-iphone-huawei-samsung-s22-126597792093-azwss,P47 Wireless Bluetooth Headphones Hands Free Noise Canceling Headset,Verified Real Discount
type-c-port-professional-wireless-lavalier-microphone-for-smartphones-computers-tablets-plug-and-play-126597792093-58x3j,Professional Wireless Lavalier Microphone Type C Plug For Smartphones Tablets,Verified Real Discount
wireless-headphones-bluetooth-53-p2961-original-earphone-for-samsung-iphone-stereo-hifi-headset-game-earbuds-with-microphone-126597792093-tcesp,P2961 Wireless Bluetooth Headphones 9D HIFI Sound Noise Reduction,Verified Real Discount
9d-bluetooth-earphones-wireless-headphones-magnetic-sport-neckband-neck-hanging-tws-earbuds-wireless-blutooth-headset-with-mic-126597792093-7ia6y,Homefish 9D Stereo Wireless Bluetooth Magnetic Sport Neckband Earphones,Verified Real Discount
fast-magnetic-watch-wireless-charger-for-apple-watch-ultra-3-2-1-series-9-8-7-6-se-charger-dock-adapter-type-c-portable-charger-126597792093-sjbf1,Fast Magnetic Wireless Charger Dock For Apple Watch Ultra Series SE Adapter,Verified Real Discount
oiginal-120w-charger-turbo-fast-charge-euus-hypercharge-adapter-for-xiaomi-redmi-note-11-12-13-pro-plus-5g-mi-14-13-13t-cable-126597792093-yogl2,Xiaomi 120W HyperCharge Fast Charger Adapter With Type C Cable For Redmi Note,Verified Real Discount
laxasfit-smartwatch-bluetooth-talk-smartwatch-message-alert-heart-rate-monitor-sports-watch-for-android-ios-men-women-126597792093-vqm64,LAXASFIT AMOLED Smartwatch Bluetooth Call Heart Rate Monitor Sports Watch,Verified Real Discount
automatic-electric-floor-vacuum-cleaner-3-in-1-1500pa-usb-rechargeable-wireless-sweeping-mop-for-home-office-use-126597792093-uvh4a,Automatic 3in1 Wireless Electric Floor Vacuum Cleaner With Mop 1500Pa,Verified Real Discount
new-usb-sweeping-robot-vacuum-cleaner-mopping-3-in-1-smart-wireless-1500pa-dragging-cleaning-sweep-floor-for-home-office-126597792093-87jjh,Sweepin Robot Vacuum Cleaner 3 In 1 Smart USB Mopping Sweeper 1500Pa,Verified Real Discount
aroma-humidifier-flame-essential-oils-diffuser-air-humidifier-for-home-bedroom-mini-air-fragrance-diffuser-with-led-night-light-126597792093-xxusf,Mini Flame Aroma Humidifier Essential Oils Diffuser LED Night Light,Verified Real Discount
3d-sleep-mask-blindfold-sleeping-aid-soft-memory-foam-eye-mask-for-sleeping-travel-light-slaapmasker-eye-cover-lightweight-style-126597792093-9upds,Soft 3D Light Blocking Memory Foam Sleep Mask For Nose Fit Travel,Verified Real Discount
blue-lock-anime-japanese-isagi-yoichi-football-jersey-t-shirt-cosplay-hyoma-chigiri-meguru-bachira-tee-original-children-clothes-126597792093-rablx,Blue Lock Anime Football Jersey Kids T Shirt Isagi Bachira Chigiri,Verified Real Discount
staaricc-led-solar-light-outdoor-motion-sensor-human-induction-adjustable-head-ip65-waterproof-solar-security-light-wall-light-126597792093-a1gn2,Staaricc Led Solar Security Light Motion Sensor Waterproof Adjustable Wall Light,Verified Real Discount
wireless-led-night-lights-motion-sensor-lights-closet-kitchen-night-lights-bedroom-detector-light-cabinet-staircase-backlit-126597792093-c2miv,Wireless LED Motion Sensor Night Light Human Body Induction Under Cabinet,Verified Real Discount
christmas-home-decoration-usb-8-modes-fairy-garland-lights-led-curtain-string-lights-with-remote-control-for-bedroom-wedding-126597792093-tidf4,USB LED Curtain Fairy String Lights Remote Control Home Decoration,Verified Real Discount
portable-wireless-bluetooth-sound-box-vibration-stereo-audio-subwoofer-loudspeaker-radio-speaker-for-bathroom-camping-outdoor-126597792093-jlyeg,Waterproof Bluetooth Speaker IPX4 Portable Wireless Shower Bathroom Audio,Verified Real Discount
2023-women-sneakers-platform-casual-breathable-sport-design-vulcanized-shoes-fashion-tennis-female-footwear-zapatillas-mujer-126597792093-evlnj,Women Blue Platform Sneakers Casual Breathable Vulcanized Rubber Footwear,Verified Real Discount
2025-large-size-spring-and-autumn-new-breathable-lightweight-casual-mens-shoes-niche-trend-versatile-flat-sports-mens-shoes-126597792093-4vtfu,2025 Men Lightweight Breathable Knit Casual Sports Shoes Flat Sneakers,Verified Real Discount
women-sport-shoes-fashion-platform-sneakers-ladies-spring-summer-flats-running-shoes-for-women-casual-shoes-mesh-jogging-tennis-126597792093-oh0et,Women Fashion Mesh Platform Sneakers Casual Breathable Running Shoes,Verified Real Discount
basket-femme-2025-spring-new-arrival-womens-vulcanize-shoes-for-outdoor-gym-sport-shoes-female-walking-shoes-tenis-feminino-126597792093-kcnbp,Women Black Casual Breathable Knit Sneakers Vulcanized Sole Walking Sport Shoes,Verified Real Discount
women-casual-walking-sneaker-orthopedic-arch-diabetes-support-breathable-sport-design-shoes-fashion-tennis-female-footwear-gift-126597792093-qph0i,Women Casual Walking Sneakers Orthopedic Arch Support Breathable Sport Design,Verified Real Discount
new-women-sneakers-platform-shoes-leather-patchwork-casual-sport-shoes-ladies-outdoor-running-vulcanized-shoes-zapatillas-mujer-126597792093-my3z6,Women Black Gold Platform Sneakers Leather Patchwork Casual Running Shoes,Verified Real Discount
sneakers-women-shoes-2023-pattern-canvas-shoe-casual-women-sport-shoes-flat-lace-up-adult-zapatillas-mujer-chaussure-femme-126597792093-dttbe,Women Blue Canvas Lace Up Flat Sneakers With Chunky White Midsole Casual Shoes,Verified Real Discount
2026-new-kids-casual-shoes-girls-led-light-cartoon-pu-leather-fashion-sport-flat-bottom-shoes-breathable-purple-pink-size-21-30-126597792093-edwjc,Girls LED Light Up Heart Casual Sneakers Breathable PU Sport Shoes Purple Pink,Verified Real Discount
sailor-moon-girl-baseball-cap-women-sun-hat-adult-children-outdoor-sport-sunbonnet-retro-headgear-cartoon-cute-hip-hop-hat-gift-126597792093-ydoty,Sailor Moon Baseball Cap Women Adults Anime Sun Hat Retro Cartoon Gift,Verified Real Discount
brand-women-sneakers-comfortable-platform-shoes-female-fashion-large-size-casual-sport-shoes-2025-new-outdoor-women-running-shoe-126597792093-iosnp,Women Navy Blue Platform Sneakers Casual Lace Up Running Shoes,Verified Real Discount
tenis-women-sneakers-air-cushion-walking-shoes-breathable-gym-jogging-shoes-for-woman-lace-up-platform-sport-shoe-tenes-feminino-126597792093-xhk9b,Women Air Cushion Lace Up Platform Sneakers Breathable Walking Shoes,Verified Real Discount
new-women-lightweight-sneakers-sport-bottom-fashionable-sneakers-casual-comfortable-soft-running-designer-shoes-zapatos-de-mujer-126597792093-mtyem,Women Black And White Chunky Platform Lightweight Sport Sneakers Casual Shoes,Verified Real Discount
women-sport-sneaker-tennis-running-shoes-female-casual-platform-fashion-footwear-basket-comfortable-elegant-athletic-trend-126597792093-r4m49,Women Rainbow Gradient Platform Sneakers Casual Athletic Shoes,Verified Real Discount
red-sneakers-women-shoes-woman-tennis-shoes-canvas-shoe-female-casual-shoes-ladies-sport-shoes-platform-sneaker-hollow-out-shoes-126597792093-bhkd9,Women Platform Sneakers Casual Mesh Hollow Out Walking Shoes Black Pink,Verified Real Discount
red-sneakers-women-shoes-woman-tennis-shoes-canvas-shoe-female-casual-shoes-ladies-sport-shoes-platform-sneaker-hollow-out-shoes-126597792093-waewj,Women Red Platform Sneakers Hollow Out Canvas Casual Tennis Shoes,Verified Real Discount
shoes-for-women-platform-shoes-autumn-women-casual-breathable-mesh-sequin-sneakers-wedges-sports-lace-up-non-slip-shoes-126597792093-olvaj,Women Platform Sneakers Sequin Mesh Breathable Lace Up Non Slip Wedges,Verified Real Discount
luxury-womens-sneakers-mesh-lace-up-women-casual-shoes-fashion-outdoor-running-sport-shoes-comfortable-women-tennis-shoes-36-43-126597792093-m5rlu,Women Breathable Mesh Lace Up Casual Outdoor Running Sport Sneakers Shoes,Verified Real Discount
2023women-shoes-summer-breathable-wedges-sneakers-shoes-women-plus-size-shoes-women-trainers-flat-vulcanize-shoes-sport-sandals-126597792093-n9vxg,Women Summer Breathable Open Toe Wedge Sandal Sneaker Trainers,Verified Real Discount
fashion-thick-sole-silver-sneakers-women-2026-plus-size-43-breathable-platform-sport-shoes-woman-anti-slip-lace-up-running-shoes-126597792093-goedb,Women Silver Platform Sneakers Breathable Mesh Lace Up Chunky Running Shoes,Verified Real Discount
casual-flats-cotton-boots-winter-new-sport-platform-fashion-work-shoes-women-winter-new-luxury-hot-plush-boots-126597792093-063ck,Women Winter Canvas Slip On Boots Plush Warm Brown Casual Fashion Shoes,Verified Real Discount
summer-women-sandals-flat-heel-new-open-toe-female-shoes-plus-size-outdoor-sport-beach-casual-sandals-flats-womens-shoe-126597792093-l9yve,Women Pink Open Toe Flat Sandals White Lug Sole Casual Summer Beach Shoes,Verified Real Discount
2025-new-high-heels-wedge-outdoor-sport-spring-white-shoes-breathable-casual-shoe-women-leather-platform-sneakers-red-126597792093-y0hiy,2025 Women White Platform Wedge Sneakers High Heel Breathable Sport Shoes,Verified Real Discount
fashion-platform-sneakers-women-spring-autumn-round-toe-lace-up-comfort-10cm-thick-bottom-sport-shoe-black-white-casual-shoe-126597792093-yykre,Women Thick Platform Sneakers 10CM Black White Round Toe Casual Lace Up Shoes,Verified Real Discount
women-sneakers-platform-casual-mesh-breathable-sport-design-vulcanized-shoes-fashion-female-footwear-zapatillas-mujer-shoes-126597792093-xhcl7,Women White Platform Sneakers Gold Side Zipper Casual Sport Shoes,Verified Real Discount
women-flats-ballet-dance-pointed-toe-sandals-shoes-2024-spring-new-designer-loafers-shoes-suede-casual-sport-walking-126597792093-pfn8w,Women Teal Suede Pointed Toe Flat Loafers Casual Dance Shoes Slip On,Verified Real Discount
high-quality-spring-women-platform-sneakers-chunky-shoes-sport-vulcanized-shoes-female-casual-shoes-8cm-autumn-thick-leather-126597792093-hxcut,Women Chunky Platform Sneakers Thick Leather 8CM Vulcanized Casual Shoes,Verified Real Discount
vulcanized-shoes-women-new-2024-casual-sneakers-fashion-flat-lace-up-outdoor-walking-sport-plus-size-43-zapatillas-mujer-126597792093-idyfu,Women 2024 Casual Vulcanized Sneakers With Gold Hardware Lace Up,Verified Real Discount
women-sneakers-bling-golden-shoes-casual-female-breathable-sneakers-lace-up-outdoor-sport-women-vulcanize-shoes-zapatos-de-mujer-126597792093-wlpba,Women Glitter Gold Lace Up Sneakers Metallic Toe Cap Casual Breathable Trainers,Verified Real Discount
womens-pu-leather-chunky-platform-sneakers-spring-height-increase-thick-bottom-sport-shoes-white-vulcanized-casual-shoes-botas-126597792093-vstq8,Women Pu Leather Chunky Platform Sneakers Height Increase White Vulcanized Shoes,Verified Real Discount
comemore-2026-new-mesh-breathable-chunky-dad-sneakers-for-women-sweet-lace-up-casual-color-block-spring-summer-sport-women-shoes-126597792093-ebbs1,Comemore Women Dad Mesh Chunky Sneakers White Silver Lace Up Casual Trainers,Verified Real Discount
women-shoes-platform-chunky-new-loafers-casual-sport-shoes-elegant-2025-winter-trend-brand-woman-sneakers-walking-lolita-zapatos-126597792093-rx1q8,Women Platform Chunky Oxford Loafers Lace Up Casual Winter Lolita Shoes,Verified Real Discount
rfid-smart-wallet-card-holder-metal-thin-slim-men-women-wallets-pop-up-minimalist-wallet-small-black-purse-vallet-walets-for-men-126597792093-acmw9,Black RFID Smart Wallet Metal Card Holder Slim Pop Up Minimalist Protection,Verified Real Discount
pu-leather-men-short-wallet-thin-style-folding-young-men-credit-card-holder-wallet-126597792093-p7vxi,Deabolar Men Slim Pu Leather Bifold Short Wallet Card Holder,Verified Real Discount
the-latest-shaquille-oneal-34-basketball-jerseys-for-men-and-women-in-2026-will-be-3d-printed-for-home-use-126597792093-x8bbb,Shaquille O'Neal 34 Basketball Jersey Unisex Graffiti Streetwear 2026,Verified Real Discount
mens-simple-style-short-sleeve-t-shirt-be-kind-letter-printed-t-shirts-for-men-solid-color-crew-neck-tees-daily-casual-tops-126597792093-y5cxk,Men Simple Be Kind Printed Crew Neck Short Sleeve Casual Top Grey,Verified Real Discount
mens-simple-style-short-sleeve-t-shirt-be-kind-letter-printed-t-shirts-for-men-solid-color-crew-neck-tees-daily-casual-tops-126597792093-q6re1,Mens Grey Be Kind Graphic Printed Short Sleeve Casual Crew Neck T Shirt,Verified Real Discount
design-logo-fees-for-custom-t-shirt-please-provide-the-design-pictures-otherwise-the-transaction-will-be-cancelled-126597792093-xnz97,Custom T Shirt Logo Design And Printing Fee UK Service,Verified Real Discount
new-a6s-tws-wireless-bluetooth-headphones-sport-in-ear-earphone-with-microphone-mini-pods-earbuds-noise-cancelling-headsets-126597792093-2ouat,A6s Tws Wireless Bluetooth Headphones With Microphone Hifi Stereo Uk,Verified Real Discount
wireless-bluetooth-53-headphones-noise-cancelling-earphones-mic-pods-over-ear-sports-gaming-headset-126597792093-hgqeg,Wireless Bluetooth 5.3 Over Ear Headphones Noise Cancelling Gaming Sports,Verified Real Discount
smart-watch-for-women-men-wristwatch-bluetooth-connected-phone-player-music-fitness-sport-bracelet-sleep-monitor-digital-watches-126597792093-ulzze,Smart Watch Bluetooth Fitness Tracker Heart Rate Sleep Wristwatch For Men Women,Verified Real Discount
fashion-mens-watch-sports-electronic-wristwatch-large-dial-multifunctional-waterproof-luminous-alarm-kids-males-military-watch-126597792093-ebozx,Male Digital Sports Watch Military Style Waterproof Triple Sensor 55mm,Verified Real Discount
y68-smart-watch-men-women-heart-rate-oxygen-blood-pressure-monitoring-multi-function-sleep-monitoring-smartwatch-for-ios-android-126597792093-q953f,Y68 Smart Watch Heart Rate Blood Pressure Sleep Monitor Fitness Tracker,Verified Real Discount
4pcs-fashion-arabic-dial-men-business-quartz-watch-casusilicone-strap-wristwatch-with-necklace-set-reloj-hombre-without-box-126597792093-ufakc,4 Piece Men Gold Black Quartz Watch Jewelry Set Cross Necklace Bracelet Ring,Verified Real Discount
geneva-high-quality-mens-luxury-belt-fashion-quartz-watch-men-round-business-student-sport-waterproof-glow-clock-126597792093-ntpw8,Geneva Men Luxury Quartz Watch Round Leather Strap Business Classic,Verified Real Discount
laxasfit-smartwatch-bluetooth-talk-smartwatch-message-alert-heart-rate-monitor-sports-watch-for-android-ios-men-women-126597792093-ddfww,Laxasfit X10 Amoled Smartwatch Bluetooth Call Heart Rate Sports Watch,Verified Real Discount
poedagar-square-luxury-men-wristwatch-waterproof-luminous-date-stainless-steel-male-clock-business-sports-quartz-watches-for-men-126597792093-bmqfc,POEDAGAR Square Luxury Men Wristwatch Stainless Steel Blue Dial Date Watch,Verified Real Discount
sapphero-mens-watch-waterproof-watch-chronograph-function-date-glowing-hands-stainless-steel-watch-business-watch-for-men-gift-126597792093-8ylmq,Sapphero Men Stainless Steel Chronograph Blue Date Waterproof Watch,Verified Real Discount
laxasfit-2025-new-smart-watch-for-men-women-gift-full-touch-screen-sports-fitness-watch-bluetooth-call-digital-smartwatch-126597792093-h4x7s,Smart Watch Bluetooth Call Full Touch Screen Fitness Heart Rate Blood Pressure,Verified Real Discount
poedagar-luxury-mens-watches-waterproof-luminous-date-week-men-watch-stainless-steel-casual-fashion-quartz-man-wristwatch-reloj-126597792093-u232r,Poedagar Luxury Men's Quartz Watch Green Gradient Dial Date Week Wristwatch,Verified Real Discount
laxasfit-new-mens-smart-watch-led-flashlight-outdoor-sports-smart-watch-wristwatch-health-monitoring-smart-watch-126597792093-xctlc,Laxasfit Men Smart Watch LED Flashlight Outdoor Sports Health Wristwatch,Verified Real Discount
gl-wear-2025-new-mens-smart-watch-hd-display-health-tracking-bluetooth-calling-voice-assistant-sports-smartwatch-126597792093-xuzjv,Men Smart Watch HD Amoled Display Bluetooth Calling Health Tracking Watch,Verified Real Discount
fashion-men-business-watches-luxury-black-steel-band-male-analog-quartz-watch-relogio-masculino-reloj-hombre-126597792093-l0bet,Orlando Men Luxury Black Dial Gold Black Alloy Bracelet Analog Quartz Watch,Verified Real Discount
gl-wear-2025-new-mens-smart-watch-hd-display-health-tracking-bluetooth-calling-voice-assistant-sports-smartwatch-126597792093-htmsp,GL Wear GT4 Pro Men Smartwatch HD AMOLED Bluetooth Calling Health Tracker,Verified Real Discount
lige-2026-smart-watch-women-men-ladies-gift-sport-fitness-men-watches-heart-rate-monitor-waterproof-smartwatch-for-android-ios-126597792093-y8dl4,LIGE 2026 Smart Watch Heart Rate Blood Pressure Fitness Tracker Android,Verified Real Discount
fashion-men-luxury-watches-mens-business-pu-leather-quartz-watch-gifts-for-male-calendar-wristwatch-relogio-masculino-126597792093-qervl,Wokai Men Business Quartz Watch Rose Gold PU Leather Wristwatch,Verified Real Discount
2024-smart-watch-android-phone-144-inch-color-screen-bluetooth-call-blood-oxygenpressure-monitoring-smart-watch-women-men-126597792093-n3xka,Smart Watch 1.44 Inch Bluetooth Call Color Screen Health Monitor Android,Verified Real Discount
2026-new-military-smart-watch-men-ip67-3atm-outdoor-sports-fitness-tracker-health-monitor-144inch-bt-call-smartwatch-126597792093-zbbi7,Men Military Smart Watch IP67 Outdoor Sports Fitness Tracker Bluetooth Call,Verified Real Discount
luxury-square-dial-men-quartz-wristwatch-fashion-stainless-steel-man-business-watches-with-calendar-reloj-hombre-without-box-126597792093-lacsn,Liboger Square Dial Men Quartz Wristwatch Two Tone Steel Business Calendar Blue,Verified Real Discount
poedagar-original-fashion-men-clock-luminous-waterproof-chronograph-date-man-wristwatch-leather-quartz-sport-mens-watches-reloj-126597792093-iuw6s,Poedagar Men Quartz Chronograph Watch Blue Leather Strap Date Waterproof,Verified Real Discount
luxury-big-dial-men-square-watch-casual-pu-leather-strap-men-sports-watches-126597792093-cvx9z,Yolako Men Square Watch Big Dial Black Leather Strap Chronograph,Verified Real Discount
led-light-flash-luminous-watches-women-men-boys-girls-silicone-wrist-watch-fashion-rhinestone-clock-kids-children-relogio-saati-126597792093-pqmdh,Geneva Rhinestone Jelly Watch Black Dial LED Flash Luminous Wristwatch,Verified Real Discount
poedagar-business-men-wristwatch-waterproof-luminous-date-chronograph-sport-man-clock-leather-quartz-fashion-mens-watches-reloj-126597792093-7fvkf,Poedagar Men Emerald Dial Business Leather Chronograph Watch Date Quartz,Verified Real Discount
for-xiaomi-watch-5-global-version-sports-smart-watch-men-women-hd-amoled-screen-heart-rate-call-gps-track-waterproof-smartwatch-126597792093-ccyit,Watch 5 Sports Smartwatch HD AMOLED Heart Rate GPS Waterproof Call,Verified Real Discount
poedagar-luxury-square-mens-watches-waterproof-luminous-date-week-men-watch-stainless-steel-fashion-quartz-man-wristwatch-reloj-126597792093-fnlpw,Poedagar Luxury Black Men Watch Stainless Steel Quartz Date Week Wristwatch,Verified Real Discount
24pcs-fashion-arabic-dial-women-watches-simple-quaretz-wristwatch-with-bracelets-set-reloj-mujerwithout-box-126597792093-jykl3,Women Watch Bracelet Set Arabic Dial Quartz Gold Simple Wristwatch,Verified Real Discount
4pcs-fashion-arabic-dial-men-business-quartz-watch-casusilicone-strap-wristwatch-with-necklace-set-reloj-hombre-without-box-126597792093-knitb,4 Piece Men Gold Black Skeleton Quartz Watch Ring Necklace Bracelet Set,Verified Real Discount
gl-wear-2026-smartwatch-outdoor-sport-fitness-hr-spo2-sleep-monitor-led-flashlight-bluetooth-call-men-women-126597792093-xtvlg,GL Wear Smartwatch Outdoor Sport LED Flashlight Bluetooth Call Fitness,Verified Real Discount
new-smart-watch-bluetooth-call-camera-control-multiple-sports-modes-watches-heart-rate-blood-oxygen-sleep-monitoring-smartwatch-126597792093-llkos,New Smart Watch Bluetooth Calling Touchscreen Health Tracker,Verified Real Discount
paazomu-fashion-original-men-clock-waterproof-stainless-steel-elegant-man-wristwatch-quartz-casual-business-mens-watches-reloj-126597792093-filcg,PAAZOMU Creative Men Watch WiFi Signal Blue Dial Stainless Quartz Watch,Verified Real Discount
smael-brand-8109-new-electronic-watch-fashion-square-dual-display-waterproof-luminous-multi-color-for-men-126597792093-wpbm6,SMAEL 8109 Men Square Analog Digital Dual Luminous Waterproof Watch,Verified Real Discount
2pcsset-men-business-watches-fashion-arabic-dial-steel-band-males-quartz-watch-set-without-box-126597792093-eqj7p,Saigela Two Piece Set Men Quartz Watch Gold Steel Band Arabic Dial,Verified Real Discount
2026-rugged-military-smart-watch-men-outdoor-watches-lp68-waterproof-201-al-voice-bluetooth-call-smartwatch-for-android-los-126597792093-ib07n,Lige Rugged Outdoor Smart Watch Men IP68 Waterproof Android Bluetooth Call,Verified Real Discount
2026-smart-watch-android-ios-phone-201-inch-color-screen-bluetooth-answer-call-fitness-watches-tracker-smartwatch-women-men-126597792093-bcflw,2026 Smart Watch 2.01 Inch Bluetooth Call Fitness Tracker Android IOS Unisex,Verified Real Discount
2pcs-fashion-rectangle-women-quartz-watch-rhinestone-bracelet-set-roma-dial-ladies-wristwatches-girls-clock-reloj-mujer-126597792093-gq1tz,Ladies 2pcs Gold Rectangle Quartz Watch Rhinestone Bracelet Set Roman Dial Gold,Verified Real Discount
womens-quartz-watch-gold-luxury-women-ring-necklace-earring-rhinestone-fashion-wristwatch-casual-ladies-watches-jewelry-set-126597792093-1g5cz,Ladies Gold Rhinestone Swan Jewelry Set Watch Necklace Ring Earrings,Verified Real Discount
elegant-oval-dial-women-wristwatch-fashion-ladies-quartz-watch-reloj-mujer-girls-clock-giftwithout-box-126597792093-xks5m,Elegant Gold Tone Oval Dial Women Quartz Wristwatch Fashion Gift,Verified Real Discount
6pcs-women-watch-jewelry-set-fashion-quartz-watch-crystal-infinity-bracelet-necklace-earring-ring-for-ladieswithout-box-126597792093-fxfip,Women Gold Quartz Watch Crystal Infinity Bracelet Necklace Ring Earrings 6 Pcs,Verified Real Discount
laxasfit-201-inch-curved-screen-mens-smart-watch-bluetooth-53-hd-call-multiple-sports-modes-woman-watch-gift-126597792093-3foor,LAXASFIT 2.01 Curved Smart Watch Bluetooth 5.3 HD Call Sports Gift,Verified Real Discount
women-sneakers-summer-fashion-black-sports-casual-shoes-breathable-mesh-lightweight-air-cushion-non-slip-running-shoe-zapatillas-126597792093-g9ggv,Women Black Breathable Mesh Air Cushion Sneakers Lightweight Running Shoes,Verified Real Discount
women-platform-wedge-sandals-summer-fashion-new-comfortable-shoes-for-women-light-casual-velcro-beach-sandals-zapatos-de-mujer-126597792093-h78ct,White Platform Wedge Sandals For Women Velcro Straps Beach Fashion,Verified Real Discount
women-running-shoes-breathable-casual-shoes-outdoor-light-weight-sports-shoes-casual-walking-sneakers-tenis-feminino-shoes-126597792093-vl0af,Women Lightweight Breathable Knit Mesh Running Shoes Casual Walking Sneakers,Verified Real Discount
winter-womens-faux-fur-boots-fluffy-plush-warm-snow-boots-luxury-girls-furry-fashion-footwear-winter-shoe-126597792093-lrkiw,Women Winter Luxury Faux Fur Boots Fluffy Plush Warm Snow Footwear,Verified Real Discount
women-platform-slippers-flat-sandals-outdoor-floral-slippers-ladies-new-summer-women-shoes-beach-slides-women-2026-flip-flops-126597792093-ltwnw,Women Platform Floral Print Slide Sandals Summer Beach Flip Flops,Verified Real Discount
designer-sneakers-for-women-summer-leather-waterproof-casual-sports-shoes-women-lightweight-breathable-non-slip-platform-shoes-126597792093-xaje8,Women White Red Dragon Embroidery Platform Sneakers Lightweight Sports,Verified Real Discount
baasploa-women-casual-sneakers-leather-platform-sneakers-for-women-classics-comfort-skateboarding-shoes-non-slip-126597792093-hfntf,Baasploa Women Casual Platform Sneakers Faux Leather Comfort Shoes,Verified Real Discount
cansnow-womens-watch-luxury-fashion-rose-gold-bangle-bracelet-watch-women-dress-clock-female-lady-saati-girls-wristwatch-relojes-126597792093-i6k9d,Cansnow Women Gold Bangle Bracelet Watch Luxury Fashion Wristwatch,Verified Real Discount
sport-band-for-apple-watch-straps-45mm-49mm-44mm-40mm-41mm-42mm-46mm-silicone-bracelet-iwatch-ultra-2-series-10-9-8-se-7-6-5-4-3-126597792093-vg5u2,Premium Perforated Silicone Sport Band for Apple Watch Series,Verified Real Discount
fashion-womens-gold-watch-bangle-bracelet-stainless-steel-luxury-watches-for-women-ladies-quartz-wristwatch-relogio-126597792093-2vks1,Cansnow Women Gold Bangle Watch Square Black Dial Crystal Bezel Stainless Watch,Verified Real Discount
for-xiaomi-watch-5-global-version-sports-smart-watch-men-women-hd-amoled-screen-heart-rate-call-gps-track-waterproof-smartwatch-126597792093-evfdm,Xiaomi Watch 5 Global Version Smart Watch HD AMOLED Heart Rate GPS Waterproof,Verified Real Discount
cansnow-womens-watch-luxury-fashion-rose-gold-bangle-bracelet-watch-women-dress-clock-female-lady-saati-girls-wristwatch-relojes-126597792093-dnn46,Cansnow Womens Gold Bangle Bracelet Watch Luxury Quartz Cage Dress Wristwatch,Verified Real Discount
fashion-womens-gold-watch-bangle-bracelet-stainless-steel-luxury-watches-for-women-ladies-quartz-wristwatch-relogio-126597792093-3sasn,Women Gold Crystal Square Bangle Watch Stainless Steel Quartz Wristwatch,Verified Real Discount
women-casual-shoes-fashion-breathable-walking-mesh-flat-shoes-sneakers-women-2021-gym-vulcanized-shoes-white-female-footwear-126597792093-mxdpr,Women White Breathable Mesh Walking Sneakers Casual Lightweight Shoes,Verified Real Discount
8pcs-soft-fluffy-makeup-brushes-set-kabuki-blending-foundation-blush-powder-eyeshadow-beauty-tools-for-cosmetics-126597792093-sa6pe,8Pcs Soft Fluffy Makeup Brushes Set Kabuki Blending Foundation Blush Powder Eyeshadow Beauty Tools for Cosmetics,Verified Real Discount
16-colors-pearlescent-eyeliner-color-glitter-waterproof-long-lasting-eye-makeup-non-smudge-eyeliner-126597792093-hbmpa,"16 Colors Pearlescent Eyeliner, Color Glitter Waterproof Long-Lasting Eye Makeup Non-smudge Eyeliner",Verified Real Discount
tear-off-pull-line-eyebrow-pencil-not-sharpen-need-eyebrow-pencil-natural-color-rendering-sweat-proof-and-smudge-proof-eyebro-126597792093-6yi42,Tear Off Pull Line Eyebrow Pencil Sweat Proof Smudge Proof No Sharpening Needed,Verified Real Discount
sky-blue34-80-85kg-2026-new-business-mens-jeans-casual-straight-stretch-fashion-classic-blue-black-work-denim-pant-trousers-male-clothing-126597792093-8ccrv,Men's Business Straight Stretch Jeans Classic Sky Blue Work Denim Trousers,Verified Real Discount
sky-blue34-80-85kg-2026-new-business-mens-jeans-casual-straight-stretch-fashion-classic-blue-black-work-denim-pant-trousers-male-clothing-126597792093-nxo8r,Men's Casual Straight Stretch Business Jeans Sky Blue Denim Work Trousers,Verified Real Discount
black110cm-trend-rivet-belt-heavy-metal-belt-men-women-punk-nightclub-rock-style-belt-jeans-belt-y2k-belt-fashion-decoration-women-belt-126597792093-rbvki,Rivet Heavy Metal Belt Unisex Punk Rock Y2K Jeans Belt Black 110cm,Verified Real Discount
35picture-color-2025-new-business-mens-jeans-casual-comfortable-straight-stretch-fashion-male-classic-premium-blue-black-denim-trousers-126597792093-op9wg,Men's Premium Straight Stretch Business Jeans Classic Blue Black Denim Trousers,Verified Real Discount
light-blue36-spring-mens-light-blue-slim-jeans-stylish-casual-stretch-fabric-denim-pants-classic-trousers-smoke-gray-126597792093-xayir,Light blue/36 - Spring Men's Light Blue Slim Jeans Stylish Casual Stretch Fabric Denim Pants Classic Trousers Smoke Gray,Verified Real Discount
black4xl-summer-soft-lyocell-fabric-mens-jeans-thin-loose-straight-pants-drawstring-elastic-waist-korea-casual-trousers-plus-size-m-5xl-126597792093-66q4g,Men's Soft Lyocell Summer Jeans Loose Straight Drawstring Elastic Waist Plus Size,Verified Real Discount
30black-spring-autumn-vintage-black-business-jeans-men-casual-straight-stretch-classic-work-denim-trousers-korean-comfortable-brand-pant-126597792093-qsxw2,Men's Vintage Black Business Jeans Straight Stretch Classic Work Denim Trousers,Verified Real Discount
white-bluexxxl-new-streetwear-loose-jeans-men-korean-style-fashion-loose-straight-wide-leg-pants-mens-brand-clothing-black-light-blue-126597792093-wsame,Men's Streetwear Loose Wide Leg Jeans Korean Style Light Blue Straight Pants,Verified Real Discount
silver60cm-men-personality-star-charm-layered-street-style-pant-jeans-chain-belt-women-punk-pentagram-decorative-belt-126597792093-hqwqx,Silver/60cm - Men personality Star Charm Layered Street Style Pant Jeans Chain Belt women Punk pentagram decorative belt,Verified Real Discount
style-2-unisex-hip-hop-punk-rock-metal-waist-chain-pants-key-ring-trousers-chain-wallet-accessory-jeans-jewelry-gift-for-men-and-women-126597792093-tg5dd,Unisex Hip Hop Punk Metal Waist Chain Trousers Wallet Chain Jeans Accessory,Verified Real Discount
gold130cm-new-stylish-y2k-hollow-fashion-punk-belttrendy-accessory-for-ideal-giftsversatile-for-jeans-dress-casual-wearfor-men-women-126597792093-ehz83,Y2K Hollow Punk Belt Gold 130cm Unisex Trendy Accessory For Jeans And Dresses,Verified Real Discount
black105cm-mens-punk-style-rivet-decorated-heavy-metal-belt-women-casual-fashion-jeans-decorative-belt-rock-gothic-y2k-belts-for-men-women-126597792093-2rxgs,Punk Rivet Heavy Metal Belt Unisex Rock Gothic Y2K Jeans Belt Black 105cm,Verified Real Discount
silver-men-personality-star-charm-layered-street-style-pant-jeans-chain-belt-women-punk-pentagram-decorative-belt-126597792093-br1ya,Silver - Men personality Star Charm Layered Street Style Pant Jeans Chain Belt women Punk pentagram decorative belt,Verified Real Discount
silver-men-personality-star-charm-layered-street-style-pant-jeans-chain-belt-women-punk-pentagram-decorative-belt-126597792093-wobqi,Silver - Men personality Star Charm Layered Street Style Pant Jeans Chain Belt women Punk pentagram decorative belt,Verified Real Discount
silver-color-punk-pants-chains-belt-chain-for-man-women-jean-trousers-chains-goth-jewelry-gothic-emo-scene-accessories-126597792093-z4sqb,Punk Pants Chain Belt Unisex Goth Emo Trousers Jewellery Silver,Verified Real Discount
image-colorxxl-2025-new-streetwear-loose-jeans-men-korean-style-fashion-loose-straight-wide-leg-pants-mens-brand-clothing-black-light-blue-126597792093-emshs,Men's Streetwear Loose Straight Jeans Korean Wide Leg Pants Black Light Blue,Verified Real Discount
image-colorxxl-2025-new-streetwear-loose-jeans-men-korean-style-fashion-loose-straight-wide-leg-pants-mens-brand-clothing-black-light-blue-126597792093-henv9,Men's Korean Streetwear Wide Leg Loose Jeans Straight Denim Pants XXL,Verified Real Discount
black105cm-new-women-belt-high-quality-luxury-brand-punk-goth-rivet-black-jeans-unisex-men-belt-paw-skull-buckle-belt-unisex-waist-belt-126597792093-dds31,Punk Goth Rivet Belt Paw Skull Buckle Unisex Black Jeans Waist Belt 105cm,Verified Real Discount
as-picture-hip-hop-punk-rock-metal-pants-waist-chain-men-women-key-chain-trousers-chain-wallet-keychain-jeans-unisex-hip-hop-jewelry-gift-126597792093-r701r,Hip Hop Punk Metal Waist Chain Unisex Trousers Wallet Keychain Jeans Jewellery,Verified Real Discount
black36-2025-spring-new-mens-slim-fit-classic-skinny-jeans-casual-street-style-casual-mens-skinny-jeans-male-slim-fit-pencil-denim-blue-126597792093-evh5b,Men's Slim Fit Classic Skinny Jeans Casual Street Style Pencil Denim Black,Verified Real Discount
white110cm-retro-mens-belt-bohemian-style-fashion-personalized-belt-for-men-women-punk-rock-y2k-belts-for-jeans-dresses-casual-wear-126597792093-untga,Retro Bohemian Belt White 110cm Unisex Punk Rock Y2K Belt For Jeans And Dresses,Verified Real Discount
image-color30-men-fashion-straight-jeans-mens-2026-new-stretch-slim-fit-pants-comfortable-soft-business-denim-trousers-male-brand-clothing-126597792093-iydzo,Men's Straight Stretch Slim Fit Jeans Soft Comfortable Business Denim Trousers,Verified Real Discount
34-80-85kgsky-blue-2026-new-business-mens-jeans-casual-straight-stretch-fashion-classic-blue-black-work-denim-pant-trousers-male-clothing-126597792093-rsfwi,Men's Business Jeans Casual Straight Stretch Sky Blue Work Denim Trousers,Verified Real Discount
xiaomi-11-lite-unlocked-128gb-very-good-grade,Xiaomi 11 Lite – Unlocked (128GB) | Very Good Grade,Verified Real Discount
30x50cm-black-pet-feeding-mat-absorbent-pet-placemat-rubber-backing-quick-dry-water-mat-for-dog-cat-for-food-and-water-bowl-with-waterproof-126597792093-qdgxs,Absorbent Pet Feeding Mat 30x50cm Black Waterproof Rubber Backed Dog Cat Placemat,Verified Real Discount
m-automatic-drinking-love-pet-bowl-moisture-proof-cat-bowl-dog-basin-dual-use-multi-functional-drinking-and-feeding-126597792093-nuppr,M - Automatic Drinking Love Pet Bowl Moisture-proof Cat Bowl Dog Basin Dual-use Multi-functional Drinking And Feeding,Verified Real Discount
baby-blue-pink1pc-pink-blue-cherry-blossom-embroidery-cat-collar-with-bell-safety-breakaway-buckle-pet-accessory-for-kitten-puppy-126597792093-qr1nt,Cherry Blossom Embroidered Cat Collar With Bell Safety Breakaway Buckle Pink Blue,Verified Real Discount
s-cat-tunnel-tube-foldable-cat-toys-kitty-training-interactive-fun-toy-tunnel-bored-for-puppy-kitten-pet-supplies-cat-accessories-126597792093-jqrge,Foldable Cat Tunnel Tube Interactive Play Toy For Kittens And Puppies Small,Verified Real Discount
s16990-mrpaper-6-styles-plastic-stackable-foldable-stationary-holder-simple-cute-student-office-desktop-storage-stationery-organizer-126597792093-yl8gm,Mr.paper Stackable Foldable Stationery Holder Cute Desktop Storage Organiser,Verified Real Discount
12-pcs-set-a-6pcs-and-6refills-glue-pen-candy-color-quick-dry-dot-glue-sticks-high-viscosity-dispensing-pen-cute-paper-glue-school-stationary-126597792093-qgnml,Quick Dry Dot Glue Pen Set 6 Pens And 6 Refills Candy Colour School Stationery,Verified Real Discount
black-a4-file-folder-clipboard-writing-pad-memo-clip-board-clips-test-paper-storage-organizer-school-supplies-office-stationary-126597792093-pjmgl,A4 Clipboard File Folder Black Writing Pad Memo Clip Board Office Stationery,Verified Real Discount
